,Date,Hidden_State
0,2015-09-09,2
1,2015-09-10,2
2,2015-09-11,2
3,2015-09-14,2
4,2015-09-15,2
5,2015-09-16,2
6,2015-09-17,2
7,2015-09-18,2
8,2015-09-21,2
9,2015-09-22,2
10,2015-09-23,2
11,2015-09-24,2
12,2015-09-25,2
13,2015-09-28,2
14,2015-09-29,2
15,2015-09-30,2
16,2015-10-01,2
17,2015-10-02,2
18,2015-10-05,2
19,2015-10-06,2
20,2015-10-07,2
21,2015-10-08,2
22,2015-10-09,2
23,2015-10-12,2
24,2015-10-13,2
25,2015-10-14,2
26,2015-10-15,2
27,2015-10-16,2
28,2015-10-19,2
29,2015-10-20,2
30,2015-10-21,2
31,2015-10-22,2
32,2015-10-23,2
33,2015-10-26,2
34,2015-10-27,2
35,2015-10-28,2
36,2015-10-29,2
37,2015-10-30,2
38,2015-11-02,2
39,2015-11-03,2
40,2015-11-04,0
41,2015-11-05,1
42,2015-11-06,2
43,2015-11-09,2
44,2015-11-10,2
45,2015-11-11,2
46,2015-11-12,2
47,2015-11-13,2
48,2015-11-16,2
49,2015-11-17,2
50,2015-11-18,2
51,2015-11-19,2
52,2015-11-20,2
53,2015-11-23,2
54,2015-11-24,2
55,2015-11-25,2
56,2015-11-27,2
57,2015-11-30,2
58,2015-12-01,2
59,2015-12-02,2
60,2015-12-03,2
61,2015-12-04,2
62,2015-12-07,2
63,2015-12-08,2
64,2015-12-09,2
65,2015-12-10,2
66,2015-12-11,2
67,2015-12-14,2
68,2015-12-15,2
69,2015-12-16,2
70,2015-12-17,2
71,2015-12-18,2
72,2015-12-21,2
73,2015-12-22,2
74,2015-12-23,2
75,2015-12-24,2
76,2015-12-28,2
77,2015-12-29,2
78,2015-12-30,2
79,2015-12-31,2
80,2016-01-04,2
81,2016-01-05,2
82,2016-01-06,2
83,2016-01-07,2
84,2016-01-08,2
85,2016-01-11,2
86,2016-01-12,2
87,2016-01-13,2
88,2016-01-14,2
89,2016-01-15,2
90,2016-01-19,2
91,2016-01-20,2
92,2016-01-21,2
93,2016-01-22,2
94,2016-01-25,2
95,2016-01-26,2
96,2016-01-27,2
97,2016-01-28,2
98,2016-01-29,2
99,2016-02-01,2
100,2016-02-02,0
101,2016-02-03,1
102,2016-02-04,1
103,2016-02-05,0
104,2016-02-08,0
105,2016-02-09,1
106,2016-02-10,1
107,2016-02-11,1
108,2016-02-12,1
109,2016-02-16,1
110,2016-02-17,0
111,2016-02-18,1
112,2016-02-19,1
113,2016-02-22,1
114,2016-02-23,2
115,2016-02-24,2
116,2016-02-25,2
117,2016-02-26,2
118,2016-02-29,2
119,2016-03-01,2
120,2016-03-02,2
121,2016-03-03,2
122,2016-03-04,2
123,2016-03-07,2
124,2016-03-08,2
125,2016-03-09,2
126,2016-03-10,2
127,2016-03-11,2
128,2016-03-14,2
129,2016-03-15,2
130,2016-03-16,2
131,2016-03-17,2
132,2016-03-18,2
133,2016-03-21,2
134,2016-03-22,2
135,2016-03-23,2
136,2016-03-24,2
137,2016-03-28,2
138,2016-03-29,2
139,2016-03-30,2
140,2016-03-31,2
141,2016-04-01,2
142,2016-04-04,2
143,2016-04-05,2
144,2016-04-06,2
145,2016-04-07,2
146,2016-04-08,2
147,2016-04-11,2
148,2016-04-12,2
149,2016-04-13,2
150,2016-04-14,2
151,2016-04-15,2
152,2016-04-18,2
153,2016-04-19,2
154,2016-04-20,2
155,2016-04-21,2
156,2016-04-22,2
157,2016-04-25,2
158,2016-04-26,2
159,2016-04-27,2
160,2016-04-28,2
161,2016-04-29,2
162,2016-05-02,2
163,2016-05-03,2
164,2016-05-04,2
165,2016-05-05,2
166,2016-05-06,2
167,2016-05-09,2
168,2016-05-10,2
169,2016-05-11,2
170,2016-05-12,2
171,2016-05-13,2
172,2016-05-16,2
173,2016-05-17,2
174,2016-05-18,2
175,2016-05-19,2
176,2016-05-20,2
177,2016-05-23,2
178,2016-05-24,2
179,2016-05-25,2
180,2016-05-26,2
181,2016-05-27,2
182,2016-05-31,2
183,2016-06-01,2
184,2016-06-02,2
185,2016-06-03,2
186,2016-06-06,2
187,2016-06-07,2
188,2016-06-08,2
189,2016-06-09,2
190,2016-06-10,2
191,2016-06-13,2
192,2016-06-14,2
193,2016-06-15,2
194,2016-06-16,2
195,2016-06-17,2
196,2016-06-20,2
197,2016-06-21,2
198,2016-06-22,0
199,2016-06-23,1
200,2016-06-24,2
201,2016-06-27,2
202,2016-06-28,2
203,2016-06-29,2
204,2016-06-30,2
205,2016-07-01,2
206,2016-07-05,2
207,2016-07-06,2
208,2016-07-07,2
209,2016-07-08,2
210,2016-07-11,2
211,2016-07-12,2
212,2016-07-13,2
213,2016-07-14,2
214,2016-07-15,2
215,2016-07-18,2
216,2016-07-19,2
217,2016-07-20,2
218,2016-07-21,2
219,2016-07-22,2
220,2016-07-25,2
221,2016-07-26,2
222,2016-07-27,2
223,2016-07-28,2
224,2016-07-29,2
225,2016-08-01,2
226,2016-08-02,2
227,2016-08-03,2
228,2016-08-04,2
229,2016-08-05,2
230,2016-08-08,2
231,2016-08-09,2
232,2016-08-10,2
233,2016-08-11,2
234,2016-08-12,2
235,2016-08-15,2
236,2016-08-16,2
237,2016-08-17,2
238,2016-08-18,2
239,2016-08-19,2
240,2016-08-22,2
241,2016-08-23,2
242,2016-08-24,2
243,2016-08-25,2
244,2016-08-26,2
245,2016-08-29,2
246,2016-08-30,2
247,2016-08-31,2
248,2016-09-01,2
249,2016-09-02,2
250,2016-09-06,2
251,2016-09-07,2
252,2016-09-08,2
253,2016-09-09,2
254,2016-09-12,2
255,2016-09-13,2
256,2016-09-14,2
257,2016-09-15,2
258,2016-09-16,2
259,2016-09-19,2
260,2016-09-20,2
261,2016-09-21,2
262,2016-09-22,2
263,2016-09-23,2
264,2016-09-26,2
265,2016-09-27,2
266,2016-09-28,2
267,2016-09-29,2
268,2016-09-30,2
269,2016-10-03,2
270,2016-10-04,2
271,2016-10-05,2
272,2016-10-06,2
273,2016-10-07,2
274,2016-10-10,2
275,2016-10-11,2
276,2016-10-12,2
277,2016-10-13,2
278,2016-10-14,2
279,2016-10-17,2
280,2016-10-18,2
281,2016-10-19,2
282,2016-10-20,2
283,2016-10-21,2
284,2016-10-24,2
285,2016-10-25,2
286,2016-10-26,2
287,2016-10-27,2
288,2016-10-28,2
289,2016-10-31,2
290,2016-11-01,2
291,2016-11-02,2
292,2016-11-03,2
293,2016-11-04,2
294,2016-11-07,2
295,2016-11-08,2
296,2016-11-09,2
297,2016-11-10,2
298,2016-11-11,2
299,2016-11-14,2
300,2016-11-15,2
301,2016-11-16,2
302,2016-11-17,2
303,2016-11-18,2
304,2016-11-21,2
305,2016-11-22,2
306,2016-11-23,2
307,2016-11-25,2
308,2016-11-28,2
309,2016-11-29,2
310,2016-11-30,2
311,2016-12-01,2
312,2016-12-02,2
313,2016-12-05,2
314,2016-12-06,2
315,2016-12-07,2
316,2016-12-08,2
317,2016-12-09,2
318,2016-12-12,2
319,2016-12-13,2
320,2016-12-14,2
321,2016-12-15,2
322,2016-12-16,2
323,2016-12-19,2
324,2016-12-20,2
325,2016-12-21,2
326,2016-12-22,2
327,2016-12-23,2
328,2016-12-27,2
329,2016-12-28,2
330,2016-12-29,2
331,2016-12-30,2
332,2017-01-03,2
333,2017-01-04,2
334,2017-01-05,2
335,2017-01-06,2
336,2017-01-09,2
337,2017-01-10,2
338,2017-01-11,2
339,2017-01-12,2
340,2017-01-13,2
341,2017-01-17,2
342,2017-01-18,2
343,2017-01-19,2
344,2017-01-20,2
345,2017-01-23,2
346,2017-01-24,2
347,2017-01-25,2
348,2017-01-26,2
349,2017-01-27,2
350,2017-01-30,2
351,2017-01-31,2
352,2017-02-01,2
353,2017-02-02,2
354,2017-02-03,2
355,2017-02-06,2
356,2017-02-07,2
357,2017-02-08,2
358,2017-02-09,2
359,2017-02-10,2
360,2017-02-13,2
361,2017-02-14,2
362,2017-02-15,2
363,2017-02-16,2
364,2017-02-17,2
365,2017-02-21,2
366,2017-02-22,2
367,2017-02-23,2
368,2017-02-24,2
369,2017-02-27,2
370,2017-02-28,2
371,2017-03-01,2
372,2017-03-02,2
373,2017-03-03,2
374,2017-03-06,2
375,2017-03-07,2
376,2017-03-08,2
377,2017-03-09,2
378,2017-03-10,2
379,2017-03-13,2
380,2017-03-14,2
381,2017-03-15,2
382,2017-03-16,2
383,2017-03-17,2
384,2017-03-20,2
385,2017-03-21,2
386,2017-03-22,2
387,2017-03-23,2
388,2017-03-24,2
389,2017-03-27,2
390,2017-03-28,2
391,2017-03-29,2
392,2017-03-30,2
393,2017-03-31,2
394,2017-04-03,2
395,2017-04-04,2
396,2017-04-05,2
397,2017-04-06,2
398,2017-04-07,2
399,2017-04-10,2
400,2017-04-11,2
401,2017-04-12,2
402,2017-04-13,2
403,2017-04-17,2
404,2017-04-18,2
405,2017-04-19,2
406,2017-04-20,2
407,2017-04-21,2
408,2017-04-24,2
409,2017-04-25,2
410,2017-04-26,2
411,2017-04-27,2
412,2017-04-28,2
413,2017-05-01,2
414,2017-05-02,2
415,2017-05-03,2
416,2017-05-04,2
417,2017-05-05,2
418,2017-05-08,2
419,2017-05-09,2
420,2017-05-10,2
421,2017-05-11,2
422,2017-05-12,2
423,2017-05-15,2
424,2017-05-16,2
425,2017-05-17,2
426,2017-05-18,2
427,2017-05-19,2
428,2017-05-22,2
429,2017-05-23,2
430,2017-05-24,2
431,2017-05-25,2
432,2017-05-26,2
433,2017-05-30,2
434,2017-05-31,2
435,2017-06-01,2
436,2017-06-02,2
437,2017-06-05,2
438,2017-06-06,2
439,2017-06-07,2
440,2017-06-08,2
441,2017-06-09,2
442,2017-06-12,2
443,2017-06-13,2
444,2017-06-14,2
445,2017-06-15,2
446,2017-06-16,2
447,2017-06-19,2
448,2017-06-20,2
449,2017-06-21,2
450,2017-06-22,2
451,2017-06-23,2
452,2017-06-26,2
453,2017-06-27,2
454,2017-06-28,2
455,2017-06-29,2
456,2017-06-30,2
457,2017-07-03,2
458,2017-07-05,2
459,2017-07-06,2
460,2017-07-07,2
461,2017-07-10,2
462,2017-07-11,2
463,2017-07-12,2
464,2017-07-13,2
465,2017-07-14,2
466,2017-07-17,2
467,2017-07-18,2
468,2017-07-19,2
469,2017-07-20,2
470,2017-07-21,2
471,2017-07-24,2
472,2017-07-25,2
473,2017-07-26,2
474,2017-07-27,2
475,2017-07-28,2
476,2017-07-31,2
477,2017-08-01,2
478,2017-08-02,2
479,2017-08-03,2
480,2017-08-04,2
481,2017-08-07,2
482,2017-08-08,2
483,2017-08-09,2
484,2017-08-10,2
485,2017-08-11,2
486,2017-08-14,2
487,2017-08-15,2
488,2017-08-16,2
489,2017-08-17,2
490,2017-08-18,2
491,2017-08-21,2
492,2017-08-22,2
493,2017-08-23,2
494,2017-08-24,2
495,2017-08-25,2
496,2017-08-28,2
497,2017-08-29,2
498,2017-08-30,2
499,2017-08-31,2
500,2017-09-01,2
501,2017-09-05,2
502,2017-09-06,2
503,2017-09-07,2
504,2017-09-08,2
505,2017-09-11,2
506,2017-09-12,2
507,2017-09-13,2
508,2017-09-14,2
509,2017-09-15,2
510,2017-09-18,2
511,2017-09-19,2
512,2017-09-20,2
513,2017-09-21,2
514,2017-09-22,2
515,2017-09-25,2
516,2017-09-26,2
517,2017-09-27,2
518,2017-09-28,2
519,2017-09-29,2
520,2017-10-02,2
521,2017-10-03,2
522,2017-10-04,2
523,2017-10-05,2
524,2017-10-06,2
525,2017-10-09,2
526,2017-10-10,2
527,2017-10-11,2
528,2017-10-12,2
529,2017-10-13,2
530,2017-10-16,2
531,2017-10-17,2
532,2017-10-18,2
533,2017-10-19,2
534,2017-10-20,2
535,2017-10-23,2
536,2017-10-24,2
537,2017-10-25,2
538,2017-10-26,2
539,2017-10-27,2
540,2017-10-30,2
541,2017-10-31,2
542,2017-11-01,2
543,2017-11-02,2
544,2017-11-03,2
545,2017-11-06,2
546,2017-11-07,2
547,2017-11-08,2
548,2017-11-09,2
549,2017-11-10,2
550,2017-11-13,2
551,2017-11-14,2
552,2017-11-15,2
553,2017-11-16,2
554,2017-11-17,2
555,2017-11-20,2
556,2017-11-21,2
557,2017-11-22,2
558,2017-11-24,2
559,2017-11-27,2
560,2017-11-28,2
561,2017-11-29,2
562,2017-11-30,2
563,2017-12-01,2
564,2017-12-04,2
565,2017-12-05,2
566,2017-12-06,2
567,2017-12-07,2
568,2017-12-08,2
569,2017-12-11,2
570,2017-12-12,2
571,2017-12-13,2
572,2017-12-14,2
573,2017-12-15,2
574,2017-12-18,2
575,2017-12-19,2
576,2017-12-20,2
577,2017-12-21,2
578,2017-12-22,2
579,2017-12-26,2
580,2017-12-27,2
581,2017-12-28,2
582,2017-12-29,2
583,2018-01-02,2
584,2018-01-03,2
585,2018-01-04,2
586,2018-01-05,2
587,2018-01-08,2
588,2018-01-09,2
589,2018-01-10,2
590,2018-01-11,2
591,2018-01-12,2
592,2018-01-16,2
593,2018-01-17,2
594,2018-01-18,2
595,2018-01-19,2
596,2018-01-22,2
597,2018-01-23,2
598,2018-01-24,2
599,2018-01-25,2
600,2018-01-26,2
601,2018-01-29,2
602,2018-01-30,2
603,2018-01-31,2
604,2018-02-01,2
605,2018-02-02,2
606,2018-02-05,2
607,2018-02-06,2
608,2018-02-07,2
609,2018-02-08,2
610,2018-02-09,2
611,2018-02-12,2
612,2018-02-13,2
613,2018-02-14,2
614,2018-02-15,2
615,2018-02-16,2
616,2018-02-20,2
617,2018-02-21,2
618,2018-02-22,2
619,2018-02-23,2
620,2018-02-26,2
621,2018-02-27,2
622,2018-02-28,2
623,2018-03-01,2
624,2018-03-02,2
625,2018-03-05,2
626,2018-03-06,2
627,2018-03-07,2
628,2018-03-08,2
629,2018-03-09,2
630,2018-03-12,2
631,2018-03-13,2
632,2018-03-14,2
633,2018-03-15,2
634,2018-03-16,2
635,2018-03-19,2
636,2018-03-20,2
637,2018-03-21,2
638,2018-03-22,2
639,2018-03-23,2
640,2018-03-26,2
641,2018-03-27,0
642,2018-03-28,0
643,2018-03-29,1
644,2018-04-02,1
645,2018-04-03,1
646,2018-04-04,0
647,2018-04-05,1
648,2018-04-06,2
649,2018-04-09,2
650,2018-04-10,2
651,2018-04-11,2
652,2018-04-12,2
653,2018-04-13,2
654,2018-04-16,2
655,2018-04-17,2
656,2018-04-18,2
657,2018-04-19,2
658,2018-04-20,2
659,2018-04-23,2
660,2018-04-24,2
661,2018-04-25,2
662,2018-04-26,2
663,2018-04-27,2
664,2018-04-30,2
665,2018-05-01,2
666,2018-05-02,2
667,2018-05-03,2
668,2018-05-04,2
669,2018-05-07,2
670,2018-05-08,2
671,2018-05-09,2
672,2018-05-10,2
673,2018-05-11,2
674,2018-05-14,2
675,2018-05-15,2
676,2018-05-16,2
677,2018-05-17,2
678,2018-05-18,2
679,2018-05-21,2
680,2018-05-22,2
681,2018-05-23,2
682,2018-05-24,2
683,2018-05-25,2
684,2018-05-29,2
685,2018-05-30,2
686,2018-05-31,2
687,2018-06-01,2
688,2018-06-04,2
689,2018-06-05,2
690,2018-06-06,2
691,2018-06-07,2
692,2018-06-08,2
693,2018-06-11,2
694,2018-06-12,2
695,2018-06-13,2
696,2018-06-14,2
697,2018-06-15,2
698,2018-06-18,2
699,2018-06-19,2
700,2018-06-20,2
701,2018-06-21,2
702,2018-06-22,2
703,2018-06-25,2
704,2018-06-26,2
705,2018-06-27,2
706,2018-06-28,2
707,2018-06-29,2
708,2018-07-02,2
709,2018-07-03,2
710,2018-07-05,2
711,2018-07-06,2
712,2018-07-09,2
713,2018-07-10,2
714,2018-07-11,2
715,2018-07-12,2
716,2018-07-13,2
717,2018-07-16,2
718,2018-07-17,2
719,2018-07-18,2
720,2018-07-19,2
721,2018-07-20,2
722,2018-07-23,2
723,2018-07-24,2
724,2018-07-25,2
725,2018-07-26,2
726,2018-07-27,2
727,2018-07-30,2
728,2018-07-31,2
729,2018-08-01,2
730,2018-08-02,0
731,2018-08-03,1
732,2018-08-06,1
733,2018-08-07,0
734,2018-08-08,1
735,2018-08-09,1
736,2018-08-10,1
737,2018-08-13,1
738,2018-08-14,1
739,2018-08-15,1
740,2018-08-16,1
741,2018-08-17,0
742,2018-08-20,1
743,2018-08-21,2
744,2018-08-22,2
745,2018-08-23,2
746,2018-08-24,2
747,2018-08-27,2
748,2018-08-28,2
749,2018-08-29,2
750,2018-08-30,2
751,2018-08-31,2
752,2018-09-04,2
753,2018-09-05,2
754,2018-09-06,2
755,2018-09-07,2
756,2018-09-10,2
757,2018-09-11,2
758,2018-09-12,2
759,2018-09-13,2
760,2018-09-14,2
761,2018-09-17,2
762,2018-09-18,2
763,2018-09-19,2
764,2018-09-20,2
765,2018-09-21,2
766,2018-09-24,2
767,2018-09-25,2
768,2018-09-26,2
769,2018-09-27,2
770,2018-09-28,0
771,2018-10-01,0
772,2018-10-02,1
773,2018-10-03,1
774,2018-10-04,1
775,2018-10-05,0
776,2018-10-08,1
777,2018-10-09,1
778,2018-10-10,1
779,2018-10-11,1
780,2018-10-12,1
781,2018-10-15,1
782,2018-10-16,0
783,2018-10-17,1
784,2018-10-18,1
785,2018-10-19,1
786,2018-10-22,1
787,2018-10-23,0
788,2018-10-24,1
789,2018-10-25,0
790,2018-10-26,1
791,2018-10-29,2
792,2018-10-30,2
793,2018-10-31,2
794,2018-11-01,2
795,2018-11-02,2
796,2018-11-05,2
797,2018-11-06,2
798,2018-11-07,2
799,2018-11-08,2
800,2018-11-09,2
801,2018-11-12,2
802,2018-11-13,2
803,2018-11-14,2
804,2018-11-15,2
805,2018-11-16,2
806,2018-11-19,2
807,2018-11-20,2
808,2018-11-21,2
809,2018-11-23,2
810,2018-11-26,2
811,2018-11-27,2
812,2018-11-28,2
813,2018-11-29,2
814,2018-11-30,2
815,2018-12-03,2
816,2018-12-04,2
817,2018-12-06,2
818,2018-12-07,2
819,2018-12-10,2
820,2018-12-11,2
821,2018-12-12,2
822,2018-12-13,2
823,2018-12-14,2
824,2018-12-17,2
825,2018-12-18,2
826,2018-12-19,2
827,2018-12-20,2
828,2018-12-21,2
829,2018-12-24,0
830,2018-12-26,0
831,2018-12-27,1
832,2018-12-28,0
833,2018-12-31,1
834,2019-01-02,0
835,2019-01-03,1
836,2019-01-04,0
837,2019-01-07,1
838,2019-01-08,1
839,2019-01-09,1
840,2019-01-10,1
841,2019-01-11,1
842,2019-01-14,1
843,2019-01-15,1
844,2019-01-16,1
845,2019-01-17,1
846,2019-01-18,0
847,2019-01-22,1
848,2019-01-23,2
849,2019-01-24,2
850,2019-01-25,2
851,2019-01-28,2
852,2019-01-29,2
853,2019-01-30,2
854,2019-01-31,2
855,2019-02-01,2
856,2019-02-04,2
857,2019-02-05,2
858,2019-02-06,2
859,2019-02-07,2
860,2019-02-08,2
861,2019-02-11,2
862,2019-02-12,2
863,2019-02-13,2
864,2019-02-14,2
865,2019-02-15,2
866,2019-02-19,2
867,2019-02-20,2
868,2019-02-21,2
869,2019-02-22,2
870,2019-02-25,2
871,2019-02-26,2
872,2019-02-27,2
873,2019-02-28,2
874,2019-03-01,2
875,2019-03-04,2
876,2019-03-05,2
877,2019-03-06,2
878,2019-03-07,2
879,2019-03-08,2
880,2019-03-11,2
881,2019-03-12,2
882,2019-03-13,2
883,2019-03-14,2
884,2019-03-15,2
885,2019-03-18,2
886,2019-03-19,2
887,2019-03-20,2
888,2019-03-21,2
889,2019-03-22,2
890,2019-03-25,2
891,2019-03-26,2
892,2019-03-27,2
893,2019-03-28,2
894,2019-03-29,2
895,2019-04-01,2
896,2019-04-02,2
897,2019-04-03,2
898,2019-04-04,2
899,2019-04-05,2
900,2019-04-08,2
901,2019-04-09,2
902,2019-04-10,2
903,2019-04-11,2
904,2019-04-12,2
905,2019-04-15,2
906,2019-04-16,2
907,2019-04-17,2
908,2019-04-18,2
909,2019-04-22,2
910,2019-04-23,2
911,2019-04-24,2
912,2019-04-25,2
913,2019-04-26,2
914,2019-04-29,2
915,2019-04-30,2
916,2019-05-01,2
917,2019-05-02,2
918,2019-05-03,2
919,2019-05-06,2
920,2019-05-07,2
921,2019-05-08,2
922,2019-05-09,2
923,2019-05-10,2
924,2019-05-13,2
925,2019-05-14,2
926,2019-05-15,2
927,2019-05-16,2
928,2019-05-17,2
929,2019-05-20,2
930,2019-05-21,2
931,2019-05-22,2
932,2019-05-23,2
933,2019-05-24,2
934,2019-05-28,2
935,2019-05-29,2
936,2019-05-30,2
937,2019-05-31,2
938,2019-06-03,2
939,2019-06-04,2
940,2019-06-05,2
941,2019-06-06,2
942,2019-06-07,2
943,2019-06-10,2
944,2019-06-11,2
945,2019-06-12,2
946,2019-06-13,2
947,2019-06-14,2
948,2019-06-17,2
949,2019-06-18,2
950,2019-06-19,2
951,2019-06-20,2
952,2019-06-21,2
953,2019-06-24,2
954,2019-06-25,2
955,2019-06-26,2
956,2019-06-27,2
957,2019-06-28,2
958,2019-07-01,2
959,2019-07-02,2
960,2019-07-03,2
961,2019-07-05,2
962,2019-07-08,2
963,2019-07-09,2
964,2019-07-10,2
965,2019-07-11,2
966,2019-07-12,2
967,2019-07-15,2
968,2019-07-16,2
969,2019-07-17,2
970,2019-07-18,2
971,2019-07-19,2
972,2019-07-22,2
973,2019-07-23,2
974,2019-07-24,2
975,2019-07-25,0
976,2019-07-26,1
977,2019-07-29,2
978,2019-07-30,2
979,2019-07-31,2
980,2019-08-01,2
981,2019-08-02,2
982,2019-08-05,2
983,2019-08-06,2
984,2019-08-07,2
985,2019-08-08,2
986,2019-08-09,2
987,2019-08-12,2
988,2019-08-13,2
989,2019-08-14,2
990,2019-08-15,2
991,2019-08-16,2
992,2019-08-19,2
993,2019-08-20,2
994,2019-08-21,2
995,2019-08-22,2
996,2019-08-23,2
997,2019-08-26,2
998,2019-08-27,2
999,2019-08-28,2
1000,2019-08-29,2
1001,2019-08-30,2
1002,2019-09-03,2
1003,2019-09-04,2
1004,2019-09-05,2
1005,2019-09-06,2
1006,2019-09-09,2
1007,2019-09-10,2
1008,2019-09-11,2
1009,2019-09-12,2
1010,2019-09-13,2
1011,2019-09-16,2
1012,2019-09-17,2
1013,2019-09-18,2
1014,2019-09-19,2
1015,2019-09-20,2
1016,2019-09-23,2
1017,2019-09-24,2
1018,2019-09-25,2
1019,2019-09-26,2
1020,2019-09-27,2
1021,2019-09-30,2
1022,2019-10-01,2
1023,2019-10-02,2
1024,2019-10-03,2
1025,2019-10-04,2
1026,2019-10-07,2
1027,2019-10-08,2
1028,2019-10-09,2
1029,2019-10-10,2
1030,2019-10-11,2
1031,2019-10-14,2
1032,2019-10-15,2
1033,2019-10-16,2
1034,2019-10-17,2
1035,2019-10-18,2
1036,2019-10-21,2
1037,2019-10-22,2
1038,2019-10-23,2
1039,2019-10-24,0
1040,2019-10-25,0
1041,2019-10-28,1
1042,2019-10-29,2
1043,2019-10-30,2
1044,2019-10-31,2
1045,2019-11-01,2
1046,2019-11-04,2
1047,2019-11-05,2
1048,2019-11-06,2
1049,2019-11-07,2
1050,2019-11-08,2
1051,2019-11-11,2
1052,2019-11-12,2
1053,2019-11-13,2
1054,2019-11-14,2
1055,2019-11-15,2
1056,2019-11-18,2
1057,2019-11-19,2
1058,2019-11-20,2
1059,2019-11-21,2
1060,2019-11-22,2
1061,2019-11-25,2
1062,2019-11-26,2
1063,2019-11-27,2
1064,2019-11-29,2
1065,2019-12-02,2
1066,2019-12-03,2
1067,2019-12-04,2
1068,2019-12-05,2
1069,2019-12-06,2
1070,2019-12-09,2
1071,2019-12-10,2
1072,2019-12-11,2
1073,2019-12-12,2
1074,2019-12-13,2
1075,2019-12-16,2
1076,2019-12-17,2
1077,2019-12-18,2
1078,2019-12-19,2
1079,2019-12-20,2
1080,2019-12-23,2
1081,2019-12-24,2
1082,2019-12-26,2
1083,2019-12-27,2
1084,2019-12-30,2
1085,2019-12-31,2
1086,2020-01-02,2
1087,2020-01-03,2
1088,2020-01-06,2
1089,2020-01-07,2
1090,2020-01-08,2
1091,2020-01-09,2
1092,2020-01-10,2
1093,2020-01-13,0
1094,2020-01-14,1
1095,2020-01-15,1
1096,2020-01-16,1
1097,2020-01-17,1
1098,2020-01-21,0
1099,2020-01-22,1
1100,2020-01-23,1
1101,2020-01-24,1
1102,2020-01-27,1
1103,2020-01-28,1
1104,2020-01-29,1
1105,2020-01-30,0
1106,2020-01-31,1
1107,2020-02-03,0
1108,2020-02-04,0
1109,2020-02-05,0
1110,2020-02-06,1
1111,2020-02-07,1
1112,2020-02-10,1
1113,2020-02-11,1
1114,2020-02-12,1
1115,2020-02-13,1
1116,2020-02-14,1
1117,2020-02-18,0
1118,2020-02-19,0
1119,2020-02-20,1
1120,2020-02-21,1
1121,2020-02-24,0
1122,2020-02-25,1
1123,2020-02-26,1
1124,2020-02-27,0
1125,2020-02-28,1
1126,2020-03-02,0
1127,2020-03-03,1
1128,2020-03-04,1
1129,2020-03-05,1
1130,2020-03-06,1
1131,2020-03-09,0
1132,2020-03-10,1
1133,2020-03-11,1
1134,2020-03-12,0
1135,2020-03-13,1
1136,2020-03-16,0
1137,2020-03-17,1
1138,2020-03-18,0
1139,2020-03-19,0
1140,2020-03-20,1
1141,2020-03-23,1
1142,2020-03-24,0
1143,2020-03-25,0
1144,2020-03-26,1
1145,2020-03-27,1
1146,2020-03-30,1
1147,2020-03-31,1
1148,2020-04-01,0
1149,2020-04-02,1
1150,2020-04-03,1
1151,2020-04-06,0
1152,2020-04-07,1
1153,2020-04-08,1
1154,2020-04-09,1
1155,2020-04-13,0
1156,2020-04-14,0
1157,2020-04-15,1
1158,2020-04-16,1
1159,2020-04-17,1
1160,2020-04-20,1
1161,2020-04-21,0
1162,2020-04-22,0
1163,2020-04-23,1
1164,2020-04-24,1
1165,2020-04-27,0
1166,2020-04-28,1
1167,2020-04-29,1
1168,2020-04-30,1
1169,2020-05-01,0
1170,2020-05-04,0
1171,2020-05-05,1
1172,2020-05-06,2
1173,2020-05-07,2
1174,2020-05-08,2
1175,2020-05-11,2
1176,2020-05-12,2
1177,2020-05-13,2
1178,2020-05-14,2
1179,2020-05-15,2
1180,2020-05-18,2
1181,2020-05-19,2
1182,2020-05-20,2
1183,2020-05-21,2
1184,2020-05-22,2
1185,2020-05-26,2
1186,2020-05-27,2
1187,2020-05-28,2
1188,2020-05-29,2
1189,2020-06-01,0
1190,2020-06-02,1
1191,2020-06-03,1
1192,2020-06-04,1
1193,2020-06-05,1
1194,2020-06-08,0
1195,2020-06-09,1
1196,2020-06-10,0
1197,2020-06-11,1
1198,2020-06-12,1
1199,2020-06-15,0
1200,2020-06-16,1
1201,2020-06-17,1
1202,2020-06-18,1
1203,2020-06-19,1
1204,2020-06-22,1
1205,2020-06-23,1
1206,2020-06-24,1
1207,2020-06-25,1
1208,2020-06-26,1
1209,2020-06-29,1
1210,2020-06-30,0
1211,2020-07-01,1
1212,2020-07-02,0
1213,2020-07-06,0
1214,2020-07-07,1
1215,2020-07-08,1
1216,2020-07-09,1
1217,2020-07-10,0
1218,2020-07-13,1
1219,2020-07-14,1
1220,2020-07-15,1
1221,2020-07-16,1
1222,2020-07-17,1
1223,2020-07-20,0
1224,2020-07-21,1
1225,2020-07-22,1
1226,2020-07-23,1
1227,2020-07-24,1
1228,2020-07-27,0
1229,2020-07-28,1
1230,2020-07-29,2
1231,2020-07-30,2
1232,2020-07-31,2
1233,2020-08-03,2
1234,2020-08-04,2
1235,2020-08-05,2
1236,2020-08-06,2
1237,2020-08-07,2
1238,2020-08-10,2
1239,2020-08-11,2
1240,2020-08-12,0
1241,2020-08-13,1
1242,2020-08-14,1
1243,2020-08-17,0
1244,2020-08-18,1
1245,2020-08-19,1
1246,2020-08-20,0
1247,2020-08-21,1
1248,2020-08-24,1
1249,2020-08-25,1
1250,2020-08-26,0
1251,2020-08-27,1
1252,2020-08-28,1
1253,2020-08-31,0
1254,2020-09-01,1
1255,2020-09-02,1
1256,2020-09-03,0
1257,2020-09-04,1
1258,2020-09-08,0
1259,2020-09-09,0
1260,2020-09-10,1
1261,2020-09-11,1
1262,2020-09-14,0
1263,2020-09-15,0
1264,2020-09-16,1
1265,2020-09-17,1
1266,2020-09-18,1
1267,2020-09-21,1
1268,2020-09-22,1
1269,2020-09-23,0
1270,2020-09-24,1
1271,2020-09-25,1
1272,2020-09-28,1
1273,2020-09-29,1
1274,2020-09-30,1
1275,2020-10-01,1
1276,2020-10-02,0
1277,2020-10-05,1
1278,2020-10-06,2
1279,2020-10-07,2
1280,2020-10-08,2
1281,2020-10-09,2
1282,2020-10-12,2
1283,2020-10-13,2
1284,2020-10-14,2
1285,2020-10-15,2
1286,2020-10-16,2
1287,2020-10-19,2
1288,2020-10-20,2
1289,2020-10-21,2
1290,2020-10-22,2
1291,2020-10-23,2
1292,2020-10-26,2
1293,2020-10-27,2
1294,2020-10-28,2
1295,2020-10-29,2
1296,2020-10-30,2
1297,2020-11-02,2
1298,2020-11-03,2
1299,2020-11-04,2
1300,2020-11-05,2
1301,2020-11-06,2
1302,2020-11-09,2
1303,2020-11-10,2
1304,2020-11-11,2
1305,2020-11-12,2
1306,2020-11-13,2
1307,2020-11-16,2
1308,2020-11-17,0
1309,2020-11-18,0
1310,2020-11-19,1
1311,2020-11-20,1
1312,2020-11-23,0
1313,2020-11-24,0
1314,2020-11-25,1
1315,2020-11-27,1
1316,2020-11-30,1
1317,2020-12-01,1
1318,2020-12-02,1
1319,2020-12-03,1
1320,2020-12-04,1
1321,2020-12-07,0
1322,2020-12-08,1
1323,2020-12-09,0
1324,2020-12-10,1
1325,2020-12-11,1
1326,2020-12-14,1
1327,2020-12-15,1
1328,2020-12-16,1
1329,2020-12-17,1
1330,2020-12-18,0
1331,2020-12-21,1
1332,2020-12-22,2
1333,2020-12-23,2
1334,2020-12-24,2
1335,2020-12-28,2
1336,2020-12-29,2
1337,2020-12-30,2
1338,2020-12-31,2
1339,2021-01-04,2
1340,2021-01-05,2
1341,2021-01-06,2
1342,2021-01-07,0
1343,2021-01-08,0
1344,2021-01-11,0
1345,2021-01-12,1
1346,2021-01-13,2
1347,2021-01-14,2
1348,2021-01-15,2
1349,2021-01-19,2
1350,2021-01-20,2
1351,2021-01-21,2
1352,2021-01-22,2
1353,2021-01-25,2
1354,2021-01-26,2
1355,2021-01-27,2
1356,2021-01-28,2
1357,2021-01-29,2
1358,2021-02-01,2
1359,2021-02-02,2
1360,2021-02-03,2
1361,2021-02-04,2
1362,2021-02-05,2
1363,2021-02-08,2
1364,2021-02-09,2
1365,2021-02-10,2
1366,2021-02-11,2
1367,2021-02-12,2
1368,2021-02-16,2
1369,2021-02-17,2
1370,2021-02-18,2
1371,2021-02-19,2
1372,2021-02-22,0
1373,2021-02-23,1
1374,2021-02-24,1
1375,2021-02-25,0
1376,2021-02-26,1
1377,2021-03-01,0
1378,2021-03-02,1
1379,2021-03-03,1
1380,2021-03-04,1
1381,2021-03-05,1
1382,2021-03-08,1
1383,2021-03-09,0
1384,2021-03-10,1
1385,2021-03-11,1
1386,2021-03-12,1
1387,2021-03-15,1
1388,2021-03-16,1
1389,2021-03-17,1
1390,2021-03-18,1
1391,2021-03-19,2
1392,2021-03-22,2
1393,2021-03-23,2
1394,2021-03-24,2
1395,2021-03-25,2
1396,2021-03-26,2
1397,2021-03-29,2
1398,2021-03-30,2
1399,2021-03-31,2
1400,2021-04-01,2
1401,2021-04-05,2
1402,2021-04-06,2
1403,2021-04-07,2
1404,2021-04-08,2
1405,2021-04-09,2
1406,2021-04-12,2
1407,2021-04-13,2
1408,2021-04-14,2
1409,2021-04-15,2
1410,2021-04-16,2
1411,2021-04-19,2
1412,2021-04-20,2
1413,2021-04-21,2
1414,2021-04-22,2
1415,2021-04-23,2
1416,2021-04-26,2
1417,2021-04-27,2
1418,2021-04-28,2
1419,2021-04-29,2
1420,2021-04-30,2
1421,2021-05-03,2
1422,2021-05-04,2
1423,2021-05-05,2
1424,2021-05-06,2
1425,2021-05-07,2
1426,2021-05-10,2
1427,2021-05-11,2
1428,2021-05-12,2
1429,2021-05-13,2
1430,2021-05-14,2
1431,2021-05-17,2
1432,2021-05-18,2
1433,2021-05-19,2
1434,2021-05-20,2
1435,2021-05-21,2
1436,2021-05-24,2
1437,2021-05-25,2
1438,2021-05-26,2
1439,2021-05-27,2
1440,2021-05-28,2
1441,2021-06-01,2
1442,2021-06-02,2
1443,2021-06-03,2
1444,2021-06-04,2
1445,2021-06-07,2
1446,2021-06-08,2
1447,2021-06-09,2
1448,2021-06-10,2
1449,2021-06-11,2
1450,2021-06-14,2
1451,2021-06-15,2
1452,2021-06-16,2
1453,2021-06-17,2
1454,2021-06-18,2
1455,2021-06-21,2
1456,2021-06-22,2
1457,2021-06-23,2
1458,2021-06-24,2
1459,2021-06-25,2
1460,2021-06-28,2
1461,2021-06-29,2
1462,2021-06-30,2
1463,2021-07-01,2
1464,2021-07-02,2
1465,2021-07-06,2
1466,2021-07-07,2
1467,2021-07-08,2
1468,2021-07-09,2
1469,2021-07-12,2
1470,2021-07-13,2
1471,2021-07-14,2
1472,2021-07-15,2
1473,2021-07-16,2
1474,2021-07-19,2
1475,2021-07-20,2
1476,2021-07-21,2
1477,2021-07-22,2
1478,2021-07-23,2
1479,2021-07-26,2
1480,2021-07-27,2
1481,2021-07-28,2
1482,2021-07-29,2
1483,2021-07-30,2
1484,2021-08-02,2
1485,2021-08-03,2
1486,2021-08-04,2
1487,2021-08-05,2
1488,2021-08-06,2
1489,2021-08-09,2
1490,2021-08-10,2
1491,2021-08-11,2
1492,2021-08-12,2
1493,2021-08-13,2
1494,2021-08-16,2
1495,2021-08-17,2
1496,2021-08-18,2
1497,2021-08-19,2
1498,2021-08-20,2
1499,2021-08-23,2
1500,2021-08-24,2
1501,2021-08-25,2
1502,2021-08-26,2
1503,2021-08-27,2
1504,2021-08-30,2
1505,2021-08-31,2
1506,2021-09-01,2
1507,2021-09-02,2
1508,2021-09-03,2
1509,2021-09-07,2
1510,2021-09-08,2
1511,2021-09-09,2
1512,2021-09-10,2
1513,2021-09-13,2
1514,2021-09-14,2
1515,2021-09-15,2
1516,2021-09-16,2
1517,2021-09-17,2
1518,2021-09-20,2
1519,2021-09-21,2
1520,2021-09-22,2
1521,2021-09-23,2
1522,2021-09-24,2
1523,2021-09-27,2
1524,2021-09-28,2
1525,2021-09-29,2
1526,2021-09-30,2
1527,2021-10-01,2
1528,2021-10-04,2
1529,2021-10-05,2
1530,2021-10-06,2
1531,2021-10-07,2
1532,2021-10-08,2
1533,2021-10-11,2
1534,2021-10-12,2
1535,2021-10-13,2
1536,2021-10-14,2
1537,2021-10-15,2
1538,2021-10-18,2
1539,2021-10-19,2
1540,2021-10-20,2
1541,2021-10-21,2
1542,2021-10-22,2
1543,2021-10-25,0
1544,2021-10-26,1
1545,2021-10-27,1
1546,2021-10-28,1
1547,2021-10-29,1
1548,2021-11-01,0
1549,2021-11-02,1
1550,2021-11-03,1
1551,2021-11-04,1
1552,2021-11-05,1
1553,2021-11-08,1
1554,2021-11-09,0
1555,2021-11-10,1
1556,2021-11-11,2
1557,2021-11-12,2
1558,2021-11-15,2
1559,2021-11-16,2
1560,2021-11-17,2
1561,2021-11-18,2
1562,2021-11-19,2
1563,2021-11-22,2
1564,2021-11-23,2
1565,2021-11-24,2
1566,2021-11-26,2
1567,2021-11-29,2
1568,2021-11-30,2
1569,2021-12-01,2
1570,2021-12-02,2
1571,2021-12-03,2
1572,2021-12-06,2
1573,2021-12-07,2
1574,2021-12-08,2
1575,2021-12-09,2
1576,2021-12-10,2
1577,2021-12-13,2
1578,2021-12-14,2
1579,2021-12-15,2
1580,2021-12-16,2
1581,2021-12-17,2
1582,2021-12-20,2
1583,2021-12-21,2
1584,2021-12-22,2
1585,2021-12-23,2
1586,2021-12-27,2
1587,2021-12-28,2
1588,2021-12-29,2
1589,2021-12-30,2
1590,2021-12-31,2
1591,2022-01-03,0
1592,2022-01-04,1
1593,2022-01-05,1
1594,2022-01-06,1
1595,2022-01-07,1
1596,2022-01-10,1
1597,2022-01-11,1
1598,2022-01-12,1
1599,2022-01-13,0
1600,2022-01-14,1
1601,2022-01-18,1
1602,2022-01-19,1
1603,2022-01-20,1
1604,2022-01-21,1
1605,2022-01-24,1
1606,2022-01-25,1
1607,2022-01-26,1
1608,2022-01-27,0
1609,2022-01-28,1
1610,2022-01-31,0
1611,2022-02-01,1
1612,2022-02-02,1
1613,2022-02-03,1
1614,2022-02-04,1
1615,2022-02-07,1
1616,2022-02-08,1
1617,2022-02-09,1
1618,2022-02-10,1
1619,2022-02-11,1
1620,2022-02-14,1
1621,2022-02-15,0
1622,2022-02-16,1
1623,2022-02-17,1
1624,2022-02-18,1
1625,2022-02-22,1
1626,2022-02-23,0
1627,2022-02-24,1
1628,2022-02-25,1
1629,2022-02-28,0
1630,2022-03-01,1
1631,2022-03-02,1
1632,2022-03-03,1
1633,2022-03-04,1
1634,2022-03-07,1
1635,2022-03-08,1
1636,2022-03-09,1
1637,2022-03-10,1
1638,2022-03-11,1
1639,2022-03-14,1
1640,2022-03-15,1
1641,2022-03-16,1
1642,2022-03-17,1
1643,2022-03-18,1
1644,2022-03-21,1
1645,2022-03-22,0
1646,2022-03-23,1
1647,2022-03-24,1
1648,2022-03-25,1
1649,2022-03-28,0
1650,2022-03-29,1
1651,2022-03-30,2
1652,2022-03-31,2
1653,2022-04-01,2
1654,2022-04-04,2
1655,2022-04-05,2
1656,2022-04-06,2
1657,2022-04-07,2
1658,2022-04-08,2
1659,2022-04-11,2
1660,2022-04-12,2
1661,2022-04-13,2
1662,2022-04-14,2
1663,2022-04-18,2
1664,2022-04-19,2
1665,2022-04-20,2
1666,2022-04-21,2
1667,2022-04-22,2
1668,2022-04-25,2
1669,2022-04-26,0
1670,2022-04-27,1
1671,2022-04-28,1
1672,2022-04-29,1
1673,2022-05-02,1
1674,2022-05-03,1
1675,2022-05-04,1
1676,2022-05-05,0
1677,2022-05-06,1
1678,2022-05-09,0
1679,2022-05-10,1
1680,2022-05-11,0
1681,2022-05-12,1
1682,2022-05-13,0
1683,2022-05-16,1
1684,2022-05-17,1
1685,2022-05-18,0
1686,2022-05-19,1
1687,2022-05-20,0
1688,2022-05-23,1
1689,2022-05-24,0
1690,2022-05-25,1
1691,2022-05-26,0
1692,2022-05-27,0
1693,2022-05-31,1
1694,2022-06-01,1
1695,2022-06-02,1
1696,2022-06-03,0
1697,2022-06-06,1
1698,2022-06-07,1
1699,2022-06-08,1
1700,2022-06-09,1
1701,2022-06-10,1
1702,2022-06-13,0
1703,2022-06-14,1
1704,2022-06-15,1
1705,2022-06-16,0
1706,2022-06-17,1
1707,2022-06-21,0
1708,2022-06-22,1
1709,2022-06-23,2
1710,2022-06-24,2
1711,2022-06-27,2
1712,2022-06-28,2
1713,2022-06-29,2
1714,2022-06-30,2
1715,2022-07-01,2
1716,2022-07-05,2
1717,2022-07-06,2
1718,2022-07-07,2
1719,2022-07-08,2
1720,2022-07-11,2
1721,2022-07-12,2
1722,2022-07-13,2
1723,2022-07-14,2
1724,2022-07-15,2
1725,2022-07-18,2
1726,2022-07-19,2
1727,2022-07-20,2
1728,2022-07-21,0
1729,2022-07-22,1
1730,2022-07-25,1
1731,2022-07-26,1
1732,2022-07-27,0
1733,2022-07-28,1
1734,2022-07-29,1
1735,2022-08-01,2
1736,2022-08-02,2
1737,2022-08-03,2
1738,2022-08-04,2
1739,2022-08-05,2
1740,2022-08-08,2
1741,2022-08-09,2
1742,2022-08-10,2
1743,2022-08-11,2
1744,2022-08-12,2
1745,2022-08-15,2
1746,2022-08-16,2
1747,2022-08-17,2
1748,2022-08-18,2
1749,2022-08-19,2
1750,2022-08-22,2
1751,2022-08-23,2
1752,2022-08-24,2
1753,2022-08-25,2
1754,2022-08-26,2
1755,2022-08-29,2
1756,2022-08-30,2
1757,2022-08-31,2
1758,2022-09-01,2
1759,2022-09-02,2
1760,2022-09-06,2
1761,2022-09-07,2
1762,2022-09-08,2
1763,2022-09-09,2
1764,2022-09-12,2
1765,2022-09-13,2
1766,2022-09-14,2
1767,2022-09-15,2
1768,2022-09-16,2
1769,2022-09-19,2
1770,2022-09-20,2
1771,2022-09-21,2
1772,2022-09-22,2
1773,2022-09-23,2
1774,2022-09-26,2
1775,2022-09-27,2
1776,2022-09-28,2
1777,2022-09-29,0
1778,2022-09-30,1
1779,2022-10-03,0
1780,2022-10-04,1
1781,2022-10-05,1
1782,2022-10-06,1
1783,2022-10-07,0
1784,2022-10-10,1
1785,2022-10-11,1
1786,2022-10-12,1
1787,2022-10-13,1
1788,2022-10-14,0
1789,2022-10-17,0
1790,2022-10-18,1
1791,2022-10-19,1
1792,2022-10-20,0
1793,2022-10-21,1
1794,2022-10-24,1
1795,2022-10-25,0
1796,2022-10-26,1
1797,2022-10-27,1
1798,2022-10-28,1
1799,2022-10-31,1
1800,2022-11-01,1
1801,2022-11-02,0
1802,2022-11-03,1
1803,2022-11-04,1
1804,2022-11-07,1
1805,2022-11-08,1
1806,2022-11-09,0
1807,2022-11-10,0
1808,2022-11-11,1
1809,2022-11-14,1
1810,2022-11-15,1
1811,2022-11-16,1
1812,2022-11-17,1
1813,2022-11-18,1
1814,2022-11-21,0
1815,2022-11-22,1
1816,2022-11-23,0
1817,2022-11-25,1
1818,2022-11-28,1
1819,2022-11-29,1
1820,2022-11-30,0
1821,2022-12-01,1
1822,2022-12-02,1
1823,2022-12-05,0
1824,2022-12-06,1
1825,2022-12-07,1
1826,2022-12-08,1
1827,2022-12-09,1
1828,2022-12-12,0
1829,2022-12-13,1
1830,2022-12-14,1
1831,2022-12-15,1
1832,2022-12-16,1
1833,2022-12-19,1
1834,2022-12-20,0
1835,2022-12-21,1
1836,2022-12-22,0
1837,2022-12-23,1
1838,2022-12-27,0
1839,2022-12-28,1
1840,2022-12-29,0
1841,2022-12-30,1
1842,2023-01-03,0
1843,2023-01-04,1
1844,2023-01-05,1
1845,2023-01-06,1
1846,2023-01-09,0
1847,2023-01-10,1
1848,2023-01-11,1
1849,2023-01-12,1
1850,2023-01-13,1
1851,2023-01-17,0
1852,2023-01-18,1
1853,2023-01-19,1
1854,2023-01-20,1
1855,2023-01-23,0
1856,2023-01-24,1
1857,2023-01-25,1
1858,2023-01-26,0
1859,2023-01-27,0
1860,2023-01-30,1
1861,2023-01-31,2
1862,2023-02-01,2
1863,2023-02-02,2
1864,2023-02-03,2
1865,2023-02-06,2
1866,2023-02-07,2
1867,2023-02-08,2
1868,2023-02-09,2
1869,2023-02-10,2
1870,2023-02-13,2
1871,2023-02-14,2
1872,2023-02-15,2
1873,2023-02-16,2
1874,2023-02-17,2
1875,2023-02-21,2
1876,2023-02-22,2
1877,2023-02-23,2
1878,2023-02-24,2
1879,2023-02-27,2
1880,2023-02-28,2
1881,2023-03-01,2
1882,2023-03-02,2
1883,2023-03-03,2
1884,2023-03-06,2
1885,2023-03-07,2
1886,2023-03-08,2
1887,2023-03-09,2
1888,2023-03-10,2
1889,2023-03-13,2
1890,2023-03-14,2
1891,2023-03-15,2
1892,2023-03-16,2
1893,2023-03-17,2
1894,2023-03-20,2
1895,2023-03-21,2
1896,2023-03-22,2
1897,2023-03-23,2
1898,2023-03-24,2
1899,2023-03-27,2
1900,2023-03-28,2
1901,2023-03-29,2
1902,2023-03-30,2
1903,2023-03-31,2
1904,2023-04-03,2
1905,2023-04-04,2
1906,2023-04-05,2
1907,2023-04-06,2
1908,2023-04-10,2
1909,2023-04-11,2
1910,2023-04-12,2
1911,2023-04-13,2
1912,2023-04-14,2
1913,2023-04-17,2
1914,2023-04-18,2
1915,2023-04-19,2
1916,2023-04-20,0
1917,2023-04-21,1
1918,2023-04-24,2
1919,2023-04-25,2
1920,2023-04-26,2
1921,2023-04-27,2
1922,2023-04-28,2
1923,2023-05-01,2
1924,2023-05-02,2
1925,2023-05-03,2
1926,2023-05-04,2
1927,2023-05-05,2
1928,2023-05-08,2
1929,2023-05-09,2
1930,2023-05-10,2
1931,2023-05-11,2
1932,2023-05-12,2
1933,2023-05-15,2
1934,2023-05-16,2
1935,2023-05-17,2
1936,2023-05-18,2
1937,2023-05-19,2
1938,2023-05-22,2
1939,2023-05-23,2
1940,2023-05-24,2
1941,2023-05-25,2
1942,2023-05-26,2
1943,2023-05-30,2
1944,2023-05-31,2
1945,2023-06-01,2
1946,2023-06-02,2
1947,2023-06-05,2
1948,2023-06-06,2
1949,2023-06-07,2
1950,2023-06-08,2
1951,2023-06-09,2
1952,2023-06-12,2
1953,2023-06-13,2
1954,2023-06-14,2
1955,2023-06-15,2
1956,2023-06-16,2
1957,2023-06-20,2
1958,2023-06-21,2
1959,2023-06-22,2
1960,2023-06-23,2
1961,2023-06-26,2
1962,2023-06-27,2
1963,2023-06-28,2
1964,2023-06-29,2
1965,2023-06-30,2
1966,2023-07-03,2
1967,2023-07-05,2
1968,2023-07-06,2
1969,2023-07-07,2
1970,2023-07-10,2
1971,2023-07-11,2
1972,2023-07-12,2
1973,2023-07-13,2
1974,2023-07-14,2
1975,2023-07-17,2
1976,2023-07-18,2
1977,2023-07-19,2
1978,2023-07-20,0
1979,2023-07-21,1
1980,2023-07-24,2
1981,2023-07-25,2
1982,2023-07-26,2
1983,2023-07-27,2
1984,2023-07-28,2
1985,2023-07-31,2
1986,2023-08-01,2
1987,2023-08-02,2
1988,2023-08-03,2
1989,2023-08-04,2
1990,2023-08-07,2
1991,2023-08-08,2
1992,2023-08-09,2
1993,2023-08-10,2
1994,2023-08-11,2
1995,2023-08-14,2
1996,2023-08-15,2
1997,2023-08-16,2
1998,2023-08-17,2
1999,2023-08-18,2
2000,2023-08-21,2
2001,2023-08-22,2
2002,2023-08-23,2
2003,2023-08-24,2
2004,2023-08-25,2
2005,2023-08-28,2
2006,2023-08-29,2
2007,2023-08-30,2
2008,2023-08-31,2
2009,2023-09-01,2
2010,2023-09-05,2
2011,2023-09-06,2
2012,2023-09-07,2
2013,2023-09-08,2
2014,2023-09-11,0
2015,2023-09-12,1
2016,2023-09-13,2
2017,2023-09-14,2
2018,2023-09-15,2
2019,2023-09-18,2
2020,2023-09-19,2
2021,2023-09-20,2
2022,2023-09-21,2
2023,2023-09-22,2
2024,2023-09-25,2
2025,2023-09-26,2
2026,2023-09-27,2
2027,2023-09-28,2
2028,2023-09-29,2
2029,2023-10-02,2
2030,2023-10-03,2
2031,2023-10-04,2
2032,2023-10-05,2
2033,2023-10-06,2
2034,2023-10-09,2
2035,2023-10-10,2
2036,2023-10-11,2
2037,2023-10-12,2
2038,2023-10-13,2
2039,2023-10-16,2
2040,2023-10-17,2
2041,2023-10-18,2
2042,2023-10-19,0
2043,2023-10-20,1
2044,2023-10-23,2
2045,2023-10-24,2
2046,2023-10-25,2
2047,2023-10-26,2
2048,2023-10-27,2
2049,2023-10-30,2
2050,2023-10-31,2
2051,2023-11-01,2
2052,2023-11-02,2
2053,2023-11-03,2
2054,2023-11-06,2
2055,2023-11-07,2
2056,2023-11-08,2
2057,2023-11-09,2
2058,2023-11-10,2
2059,2023-11-13,2
2060,2023-11-14,2
2061,2023-11-15,2
2062,2023-11-16,2
2063,2023-11-17,2
2064,2023-11-20,2
2065,2023-11-21,2
2066,2023-11-22,2
2067,2023-11-24,2
2068,2023-11-27,2
2069,2023-11-28,2
2070,2023-11-29,2
2071,2023-11-30,2
2072,2023-12-01,2
2073,2023-12-04,2
2074,2023-12-05,2
2075,2023-12-06,2
2076,2023-12-07,2
2077,2023-12-08,2
2078,2023-12-11,2
2079,2023-12-12,2
2080,2023-12-13,2
2081,2023-12-14,2
2082,2023-12-15,2
2083,2023-12-18,2
2084,2023-12-19,2
2085,2023-12-20,2
2086,2023-12-21,2
2087,2023-12-22,2
2088,2023-12-26,2
2089,2023-12-27,2
2090,2023-12-28,2
2091,2023-12-29,2
2092,2024-01-02,2
2093,2024-01-03,2
2094,2024-01-04,2
2095,2024-01-05,2
2096,2024-01-08,2
2097,2024-01-09,2
2098,2024-01-10,2
2099,2024-01-11,2
2100,2024-01-12,2
2101,2024-01-16,2
2102,2024-01-17,2
2103,2024-01-18,2
2104,2024-01-19,2
2105,2024-01-22,2
2106,2024-01-23,2
2107,2024-01-24,2
2108,2024-01-25,0
2109,2024-01-26,1
2110,2024-01-29,2
2111,2024-01-30,2
2112,2024-01-31,2
2113,2024-02-01,2
2114,2024-02-02,2
2115,2024-02-05,2
2116,2024-02-06,2
2117,2024-02-07,2
2118,2024-02-08,2
2119,2024-02-09,2
2120,2024-02-12,2
2121,2024-02-13,2
2122,2024-02-14,2
2123,2024-02-15,2
2124,2024-02-16,2
2125,2024-02-20,2
2126,2024-02-21,2
2127,2024-02-22,2
2128,2024-02-23,2
2129,2024-02-26,2
2130,2024-02-27,2
2131,2024-02-28,2
2132,2024-02-29,2
2133,2024-03-01,2
2134,2024-03-04,2
2135,2024-03-05,2
2136,2024-03-06,2
2137,2024-03-07,2
2138,2024-03-08,2
2139,2024-03-11,2
2140,2024-03-12,2
2141,2024-03-13,2
2142,2024-03-14,2
2143,2024-03-15,2
2144,2024-03-18,2
2145,2024-03-19,2
2146,2024-03-20,2
2147,2024-03-21,2
2148,2024-03-22,2
2149,2024-03-25,2
2150,2024-03-26,2
2151,2024-03-27,2
2152,2024-03-28,2
2153,2024-04-01,2
2154,2024-04-02,2
2155,2024-04-03,2
2156,2024-04-04,2
2157,2024-04-05,2
2158,2024-04-08,2
2159,2024-04-09,2
2160,2024-04-10,2
2161,2024-04-11,2
2162,2024-04-12,2
2163,2024-04-15,2
2164,2024-04-16,2
2165,2024-04-17,2
2166,2024-04-18,2
2167,2024-04-19,2
2168,2024-04-22,2
2169,2024-04-23,2
2170,2024-04-24,0
2171,2024-04-25,1
2172,2024-04-26,1
2173,2024-04-29,0
2174,2024-04-30,1
2175,2024-05-01,2
2176,2024-05-02,2
2177,2024-05-03,2
2178,2024-05-06,2
2179,2024-05-07,2
2180,2024-05-08,2
2181,2024-05-09,2
2182,2024-05-10,2
2183,2024-05-13,2
2184,2024-05-14,2
2185,2024-05-15,2
2186,2024-05-16,2
2187,2024-05-17,2
2188,2024-05-20,2
2189,2024-05-21,2
2190,2024-05-22,2
2191,2024-05-23,2
2192,2024-05-24,2
2193,2024-05-28,2
2194,2024-05-29,2
2195,2024-05-30,2
2196,2024-05-31,2
2197,2024-06-03,2
2198,2024-06-04,2
2199,2024-06-05,2
2200,2024-06-06,2
2201,2024-06-07,2
2202,2024-06-10,2
2203,2024-06-11,2
2204,2024-06-12,2
2205,2024-06-13,2
2206,2024-06-14,2
2207,2024-06-17,2
2208,2024-06-18,2
2209,2024-06-20,2
2210,2024-06-21,2
2211,2024-06-24,2
2212,2024-06-25,2
2213,2024-06-26,2
2214,2024-06-27,2
2215,2024-06-28,2
2216,2024-07-01,0
2217,2024-07-02,0
2218,2024-07-03,0
2219,2024-07-05,1
2220,2024-07-08,1
2221,2024-07-09,1
2222,2024-07-10,1
2223,2024-07-11,0
2224,2024-07-12,1
2225,2024-07-15,1
2226,2024-07-16,1
2227,2024-07-17,1
2228,2024-07-18,1
2229,2024-07-19,1
2230,2024-07-22,1
2231,2024-07-23,1
2232,2024-07-24,0
2233,2024-07-25,1
2234,2024-07-26,1
2235,2024-07-29,0
2236,2024-07-30,1
2237,2024-07-31,1
2238,2024-08-01,0
2239,2024-08-02,1
2240,2024-08-05,1
2241,2024-08-06,2
2242,2024-08-07,2
2243,2024-08-08,2
2244,2024-08-09,2
2245,2024-08-12,2
2246,2024-08-13,2
2247,2024-08-14,2
2248,2024-08-15,2
2249,2024-08-16,2
2250,2024-08-19,2
2251,2024-08-20,2
2252,2024-08-21,2
2253,2024-08-22,2
2254,2024-08-23,2
2255,2024-08-26,2
2256,2024-08-27,2
2257,2024-08-28,2
2258,2024-08-29,2
2259,2024-08-30,2
2260,2024-09-03,2
2261,2024-09-04,2
2262,2024-09-05,2
2263,2024-09-06,2
2264,2024-09-09,2
2265,2024-09-10,2
2266,2024-09-11,2
2267,2024-09-12,2
2268,2024-09-13,2
2269,2024-09-16,2
2270,2024-09-17,2
2271,2024-09-18,2
2272,2024-09-19,2
2273,2024-09-20,2
2274,2024-09-23,2
2275,2024-09-24,2
2276,2024-09-25,2
2277,2024-09-26,2
2278,2024-09-27,2
2279,2024-09-30,2
2280,2024-10-01,2
2281,2024-10-02,2
2282,2024-10-03,2
2283,2024-10-04,2
2284,2024-10-07,2
2285,2024-10-08,2
2286,2024-10-09,2
2287,2024-10-10,2
2288,2024-10-11,2
2289,2024-10-14,2
2290,2024-10-15,2
2291,2024-10-16,2
2292,2024-10-17,2
2293,2024-10-18,2
2294,2024-10-21,2
2295,2024-10-22,2
2296,2024-10-23,2
2297,2024-10-24,0
2298,2024-10-25,1
2299,2024-10-28,1
2300,2024-10-29,1
2301,2024-10-30,1
2302,2024-10-31,1
2303,2024-11-01,1
2304,2024-11-04,1
2305,2024-11-05,1
2306,2024-11-06,0
2307,2024-11-07,1
2308,2024-11-08,0
2309,2024-11-11,0
2310,2024-11-12,1
2311,2024-11-13,1
2312,2024-11-14,0
2313,2024-11-15,1
2314,2024-11-18,1
2315,2024-11-19,2
2316,2024-11-20,2
2317,2024-11-21,2
2318,2024-11-22,2
2319,2024-11-25,2
2320,2024-11-26,2
2321,2024-11-27,2
2322,2024-11-29,2
2323,2024-12-02,2
2324,2024-12-03,2
2325,2024-12-04,2
2326,2024-12-05,2
2327,2024-12-06,2
2328,2024-12-09,2
2329,2024-12-10,2
2330,2024-12-11,0
2331,2024-12-12,1
2332,2024-12-13,1
2333,2024-12-16,0
2334,2024-12-17,1
2335,2024-12-18,0
2336,2024-12-19,1
2337,2024-12-20,1
2338,2024-12-23,1
2339,2024-12-24,0
2340,2024-12-26,1
2341,2024-12-27,1
2342,2024-12-30,1
2343,2024-12-31,1
2344,2025-01-02,1
2345,2025-01-03,0
2346,2025-01-06,1
2347,2025-01-07,1
2348,2025-01-08,1
2349,2025-01-10,1
2350,2025-01-13,1
2351,2025-01-14,1
2352,2025-01-15,0
2353,2025-01-16,1
2354,2025-01-17,2
2355,2025-01-21,2
2356,2025-01-22,2
2357,2025-01-23,2
2358,2025-01-24,2
2359,2025-01-27,2
2360,2025-01-28,2
2361,2025-01-29,2
2362,2025-01-30,2
2363,2025-01-31,2
2364,2025-02-03,2
2365,2025-02-04,2
2366,2025-02-05,2
2367,2025-02-06,2
2368,2025-02-07,2
2369,2025-02-10,2
2370,2025-02-11,2
2371,2025-02-12,2
2372,2025-02-13,2
2373,2025-02-14,2
2374,2025-02-18,2
2375,2025-02-19,2
2376,2025-02-20,2
2377,2025-02-21,2
2378,2025-02-24,2
2379,2025-02-25,0
2380,2025-02-26,1
2381,2025-02-27,1
2382,2025-02-28,1
2383,2025-03-03,1
2384,2025-03-04,1
2385,2025-03-05,1
2386,2025-03-06,1
2387,2025-03-07,1
2388,2025-03-10,0
2389,2025-03-11,1
2390,2025-03-12,0
2391,2025-03-13,1
2392,2025-03-14,1
2393,2025-03-17,1
2394,2025-03-18,1
2395,2025-03-19,1
2396,2025-03-20,1
2397,2025-03-21,1
2398,2025-03-24,0
2399,2025-03-25,1
2400,2025-03-26,1
2401,2025-03-27,1
2402,2025-03-28,1
2403,2025-03-31,1
2404,2025-04-01,1
2405,2025-04-02,0
2406,2025-04-03,1
2407,2025-04-04,0
2408,2025-04-07,1
2409,2025-04-08,1
2410,2025-04-09,0
2411,2025-04-10,0
2412,2025-04-11,1
2413,2025-04-14,1
2414,2025-04-15,1
2415,2025-04-16,1
2416,2025-04-17,1
2417,2025-04-21,0
2418,2025-04-22,1
2419,2025-04-23,0
2420,2025-04-24,1
2421,2025-04-25,0
2422,2025-04-28,1
2423,2025-04-29,2
2424,2025-04-30,2
2425,2025-05-01,2
2426,2025-05-02,2
2427,2025-05-05,2
2428,2025-05-06,2
2429,2025-05-07,2
2430,2025-05-08,2
2431,2025-05-09,2
2432,2025-05-12,2
2433,2025-05-13,2
2434,2025-05-14,2
2435,2025-05-15,2
2436,2025-05-16,2
2437,2025-05-19,2
2438,2025-05-20,2
2439,2025-05-21,2
2440,2025-05-22,2
2441,2025-05-23,2
2442,2025-05-27,2
2443,2025-05-28,2
2444,2025-05-29,2
2445,2025-05-30,2
2446,2025-06-02,2
2447,2025-06-03,2
2448,2025-06-04,2
2449,2025-06-05,0
2450,2025-06-06,1
2451,2025-06-09,1
2452,2025-06-10,1
2453,2025-06-11,2
2454,2025-06-12,2
2455,2025-06-13,2
2456,2025-06-16,2
2457,2025-06-17,2
2458,2025-06-18,2
2459,2025-06-20,2
2460,2025-06-23,2
2461,2025-06-24,2
2462,2025-06-25,2
2463,2025-06-26,2
2464,2025-06-27,2
2465,2025-06-30,2
2466,2025-07-01,2
2467,2025-07-02,2
2468,2025-07-03,2
2469,2025-07-07,2
2470,2025-07-08,2
2471,2025-07-09,2
2472,2025-07-10,2
2473,2025-07-11,2
2474,2025-07-14,2
2475,2025-07-15,2
2476,2025-07-16,2
2477,2025-07-17,2
2478,2025-07-18,2
2479,2025-07-21,2
2480,2025-07-22,2
2481,2025-07-23,2
2482,2025-07-24,2
2483,2025-07-25,2
2484,2025-07-28,2
2485,2025-07-29,2
2486,2025-07-30,2
2487,2025-07-31,2
2488,2025-08-01,2
2489,2025-08-04,2
2490,2025-08-05,2
2491,2025-08-06,2
2492,2025-08-07,2
2493,2025-08-08,2
2494,2025-08-11,2
2495,2025-08-12,2
2496,2025-08-13,2
2497,2025-08-14,2
2498,2025-08-15,2
2499,2025-08-18,2
2500,2025-08-19,2
2501,2025-08-20,2
2502,2025-08-21,2
2503,2025-08-22,2
2504,2025-08-25,2
2505,2025-08-26,2
2506,2025-08-27,2
2507,2025-08-28,2
2508,2025-08-29,2
2509,2025-09-02,2
2510,2025-09-03,2
2511,2025-09-04,2
2512,2025-09-05,2
2513,2025-09-08,2
2514,2025-09-09,2
2515,2025-09-10,2
2516,2025-09-11,2
2517,2025-09-12,2
2518,2025-09-15,2
2519,2025-09-16,2
2520,2025-09-17,2
2521,2025-09-18,2
2522,2025-09-19,2
2523,2025-09-22,2
2524,2025-09-23,2
2525,2025-09-24,2
2526,2025-09-25,2
2527,2025-09-26,2
2528,2025-09-29,2
2529,2025-09-30,2
2530,2025-10-01,2
2531,2025-10-02,2
2532,2025-10-03,2
